label,volume_ml,integral_std,baseline_std,samples
run53,53.000,370.460435,28.617391,52
run43,43.000,516.606600,41.306533,50
run33,33.000,378.353480,58.388320,45
run10,10.000,180.366882,67.294235,36
