label,measured_ml,integral_used,predicted_ml
run53,53.000,370.460435,29.977
run43,43.000,516.606600,44.512
run33,33.000,378.353480,30.762
run10,10.000,180.366882,11.070
