label,volume_ml,integral
run53,53.000,753.365870
run43,43.000,871.448467
run33,33.000,319.332440
run10,10.000,380.638941
